,index,east midlands,east of england,london,north east,north west,south east,south west,west midlands,yorkshire and the humber,england
1,2021-06-02,8964.0,7291.0,10396.0,916.0,7056.0,2897.0,1139.0,5581.0,3475.0,6021.0
2,2021-06-03,8964.0,7291.0,10703.0,916.0,7017.0,2897.0,1139.0,8788.0,3475.0,6585.0
3,2021-06-04,9644.0,4974.0,9520.0,3589.0,6954.0,2577.0,1303.0,8689.0,2626.0,6362.0
4,2021-06-05,9644.0,4974.0,9520.0,3589.0,6954.0,2577.0,1303.0,8007.0,2626.0,6262.0
5,2021-06-06,6863.0,3769.0,8312.0,2581.0,5841.0,2031.0,965.0,6838.0,1961.0,5159.0
6,2021-06-07,5356.0,3515.0,6205.0,2521.0,4643.0,1697.0,967.0,5855.0,1624.0,4161.0
7,2021-06-08,5356.0,3515.0,6205.0,2521.0,4564.0,1697.0,967.0,6058.0,1624.0,4186.0
8,2021-06-09,3415.0,1778.0,4148.0,2515.0,3504.0,1156.0,868.0,5023.0,911.0,2936.0
9,2021-06-10,3415.0,1778.0,4099.0,2515.0,3504.0,1157.0,868.0,3700.0,911.0,2725.0
10,2021-06-11,1560.0,1814.0,5198.0,1378.0,2937.0,1038.0,888.0,2794.0,859.0,2638.0
11,2021-06-12,1560.0,1814.0,5198.0,1378.0,2937.0,1038.0,888.0,2561.0,859.0,2604.0
12,2021-06-13,2327.0,2075.0,4966.0,5229.0,3516.0,1310.0,1216.0,2696.0,997.0,2896.0
13,2021-06-14,3977.0,1793.0,4842.0,5056.0,3791.0,1273.0,1293.0,2758.0,1123.0,2989.0
14,2021-06-15,3977.0,1793.0,4842.0,5056.0,3831.0,1273.0,1293.0,3194.0,1123.0,3057.0
15,2021-06-16,5055.0,1820.0,4421.0,5587.0,3504.0,1405.0,1298.0,2983.0,1381.0,3032.0
16,2021-06-17,5055.0,1820.0,4421.0,5587.0,3495.0,1405.0,1298.0,3030.0,1395.0,3039.0
17,2021-06-18,4955.0,1375.0,3387.0,6573.0,3079.0,1192.0,1580.0,3956.0,1263.0,2839.0
18,2021-06-19,4955.0,1375.0,3387.0,6573.0,3088.0,1192.0,1580.0,3839.0,1245.0,2821.0
19,2021-06-20,4326.0,1516.0,2701.0,4119.0,2902.0,1455.0,2909.0,4356.0,1248.0,2738.0
20,2021-06-21,2837.0,1658.0,3441.0,4630.0,4309.0,2071.0,3314.0,5054.0,1173.0,3178.0
21,2021-06-22,2837.0,1658.0,3471.0,4630.0,4302.0,2071.0,3314.0,4436.0,1173.0,3094.0
22,2021-06-23,2761.0,1903.0,4837.0,9032.0,5397.0,2241.0,3943.0,5664.0,1188.0,3981.0
23,2021-06-24,2761.0,1903.0,4837.0,9032.0,5406.0,2241.0,3943.0,4929.0,1188.0,3873.0
24,2021-06-25,3411.0,3370.0,7237.0,10154.0,5487.0,4574.0,4467.0,5147.0,2676.0,5258.0
25,2021-06-26,3444.0,3370.0,7237.0,10154.0,5477.0,4574.0,4467.0,6509.0,2612.0,5416.0
26,2021-06-27,6020.0,4216.0,9144.0,16848.0,6316.0,5883.0,7962.0,6698.0,3844.0,7169.0
27,2021-06-28,10444.0,5597.0,11863.0,23631.0,6684.0,7510.0,8972.0,9648.0,4706.0,9431.0
28,2021-06-29,10462.0,5597.0,11903.0,23631.0,6684.0,7510.0,8972.0,9648.0,4706.0,9444.0
29,2021-06-30,13917.0,8141.0,16259.0,24505.0,8128.0,10112.0,11945.0,14476.0,7043.0,12523.0
30,2021-07-01,13917.0,8141.0,16259.0,24505.0,12183.0,10112.0,11945.0,14474.0,7043.0,12885.0
31,2021-07-02,13009.0,9790.0,18274.0,28076.0,11755.0,10332.0,15269.0,15791.0,7666.0,14151.0
32,2021-07-03,13107.0,9790.0,18274.0,28076.0,11188.0,10332.0,15269.0,15791.0,7883.0,14127.0
33,2021-07-04,16854.0,15424.0,27381.0,29645.0,15995.0,17876.0,19754.0,35142.0,12058.0,21819.0
34,2021-07-05,16707.0,21208.0,40459.0,32655.0,17571.0,19959.0,21846.0,41197.0,16246.0,27661.0
35,2021-07-06,16823.0,21208.0,40459.0,32655.0,17565.0,19959.0,21846.0,41197.0,16246.0,27669.0
36,2021-07-07,14768.0,19052.0,38287.0,34372.0,16752.0,18907.0,21169.0,36994.0,15604.0,25944.0
37,2021-07-08,14768.0,19052.0,38287.0,34372.0,15924.0,18907.0,21169.0,36997.0,15604.0,25868.0
38,2021-07-09,16648.0,18755.0,39412.0,35824.0,17224.0,17774.0,19449.0,37487.0,14431.0,26129.0
39,2021-07-10,16648.0,18755.0,39412.0,35824.0,17494.0,17774.0,19449.0,37487.0,14397.0,26150.0
40,2021-07-11,16800.0,13958.0,41020.0,37768.0,13940.0,11106.0,13793.0,23569.0,11529.0,22631.0
41,2021-07-12,17552.0,10593.0,29765.0,37286.0,11422.0,10486.0,12644.0,19025.0,7555.0,18075.0
42,2021-07-13,17552.0,10593.0,29765.0,37286.0,11609.0,10486.0,12644.0,19025.0,7555.0,18103.0
43,2021-07-14,17697.0,12101.0,31787.0,31987.0,13378.0,13141.0,11644.0,25349.0,12718.0,20192.0
44,2021-07-15,17697.0,12101.0,31787.0,31987.0,12254.0,13141.0,11644.0,25481.0,12718.0,20106.0
45,2021-07-16,43171.0,27057.0,39434.0,51905.0,19727.0,27813.0,49488.0,38174.0,29661.0,35310.0
46,2021-07-17,43171.0,27057.0,39434.0,51905.0,19727.0,27813.0,49488.0,38174.0,29661.0,35310.0
47,2021-07-18,81164.0,39856.0,36843.0,101534.0,25045.0,45233.0,84642.0,51971.0,33327.0,48551.0
48,2021-07-19,72323.0,49210.0,48814.0,100658.0,26487.0,51183.0,90508.0,52401.0,36460.0,53796.0
49,2021-07-20,72283.0,49098.0,48814.0,100658.0,26110.0,51183.0,90508.0,52573.0,36460.0,53765.0
50,2021-07-21,75206.0,55577.0,76834.0,143162.0,34181.0,65333.0,101889.0,57503.0,44298.0,68578.0
51,2021-07-22,75206.0,55577.0,76834.0,143162.0,36532.0,65333.0,101889.0,57959.0,44298.0,68777.0
52,2021-07-23,75408.0,51963.0,80236.0,144394.0,42657.0,72240.0,86088.0,61587.0,39631.0,69315.0
53,2021-07-24,75408.0,51963.0,80236.0,144394.0,42657.0,72240.0,86088.0,61587.0,39454.0,69299.0
54,2021-07-25,64824.0,52005.0,96596.0,116330.0,44697.0,70911.0,61043.0,66348.0,53048.0,71331.0
55,2021-07-26,66300.0,52906.0,95464.0,128718.0,43233.0,71972.0,52473.0,74648.0,52097.0,71863.0
56,2021-07-27,66404.0,53462.0,95464.0,128718.0,43597.0,71972.0,52473.0,74742.0,52097.0,71980.0
57,2021-07-28,75786.0,49540.0,97725.0,105571.0,38875.0,61069.0,63812.0,83895.0,41344.0,71055.0
58,2021-07-29,75786.0,49540.0,97725.0,105571.0,36965.0,61069.0,63812.0,83895.0,41344.0,70881.0
59,2021-07-30,83510.0,54567.0,110338.0,87978.0,27925.0,51752.0,66132.0,92048.0,42792.0,73904.0
60,2021-07-31,83510.0,54567.0,110338.0,87978.0,27881.0,51752.0,66132.0,92048.0,42790.0,73900.0
61,2021-08-01,90022.0,48610.0,102509.0,59778.0,22944.0,41997.0,72631.0,77744.0,36268.0,67143.0
62,2021-08-02,100824.0,38173.0,93970.0,34317.0,24246.0,36770.0,70931.0,71340.0,32092.0,61675.0
63,2021-08-03,100824.0,38173.0,93970.0,34125.0,23767.0,36948.0,70931.0,71340.0,32092.0,61646.0
64,2021-08-04,109657.0,39935.0,69584.0,28662.0,23623.0,40794.0,59717.0,79334.0,30857.0,56215.0
65,2021-08-05,109657.0,39935.0,69501.0,28662.0,23614.0,40794.0,59717.0,79334.0,30857.0,56192.0
66,2021-08-06,92218.0,35748.0,59475.0,29415.0,20888.0,41691.0,85449.0,67719.0,30229.0,52487.0
67,2021-08-07,92218.0,35748.0,59475.0,29415.0,20241.0,41691.0,85449.0,67961.0,30229.0,52454.0
68,2021-08-08,82312.0,37503.0,57119.0,41273.0,17813.0,40693.0,77121.0,69880.0,25466.0,50563.0
69,2021-08-09,52912.0,34875.0,48161.0,40633.0,12988.0,41211.0,74756.0,64060.0,26988.0,44593.0
70,2021-08-10,52912.0,34875.0,48161.0,40568.0,12925.0,41142.0,74756.0,64060.0,26988.0,44576.0
71,2021-08-11,32246.0,30459.0,42266.0,34947.0,11644.0,35742.0,65962.0,37665.0,24013.0,35980.0
72,2021-08-12,32306.0,30459.0,42276.0,34947.0,11555.0,35742.0,65962.0,37665.0,24013.0,35979.0
73,2021-08-13,66173.0,26608.0,50427.0,30713.0,12864.0,40427.0,49813.0,65832.0,21105.0,42236.0
74,2021-08-14,66173.0,26608.0,50427.0,31119.0,12882.0,40427.0,49813.0,65836.0,20720.0,42219.0
75,2021-08-15,63180.0,29049.0,48664.0,24135.0,16053.0,44878.0,49433.0,71922.0,24377.0,43384.0
76,2021-08-16,74100.0,30008.0,57830.0,24739.0,21517.0,43111.0,51985.0,83580.0,27151.0,48747.0
77,2021-08-17,74100.0,30008.0,56502.0,24739.0,21626.0,41335.0,51985.0,83580.0,27151.0,48191.0
78,2021-08-18,88292.0,36582.0,77648.0,25297.0,31017.0,43405.0,65484.0,96129.0,28666.0,59405.0
79,2021-08-19,88372.0,36582.0,77648.0,25297.0,31255.0,43405.0,65484.0,96129.0,28677.0,59435.0
80,2021-08-20,72283.0,51319.0,75902.0,27457.0,40759.0,49952.0,67908.0,92257.0,27513.0,60942.0
81,2021-08-21,72283.0,51319.0,75902.0,27887.0,41105.0,49952.0,67908.0,92257.0,27659.0,61005.0
82,2021-08-22,76347.0,49155.0,76465.0,24177.0,42329.0,48554.0,77508.0,109439.0,36366.0,64520.0
83,2021-08-23,67131.0,55073.0,86015.0,31076.0,43781.0,51861.0,78550.0,99458.0,34490.0,66637.0
84,2021-08-24,67131.0,55073.0,88354.0,31076.0,43743.0,53086.0,78550.0,98804.0,34490.0,67321.0
85,2021-08-25,62379.0,54418.0,83487.0,33285.0,32427.0,51326.0,70842.0,87890.0,32522.0,62144.0
86,2021-08-26,62379.0,54418.0,83487.0,33285.0,32220.0,51295.0,70842.0,88129.0,32435.0,62138.0
87,2021-08-27,73071.0,42730.0,71515.0,31075.0,23357.0,35549.0,53495.0,71076.0,32945.0,52284.0
88,2021-08-28,73071.0,42643.0,71515.0,31075.0,23151.0,35549.0,53495.0,71076.0,32945.0,52254.0
89,2021-08-29,64106.0,43617.0,76954.0,34831.0,23226.0,35987.0,48798.0,29182.0,21690.0,47286.0
90,2021-08-30,74944.0,36888.0,62528.0,26416.0,19429.0,24626.0,51250.0,27161.0,16756.0,40979.0
91,2021-08-31,74944.0,36888.0,62528.0,26416.0,19484.0,24771.0,51250.0,27349.0,16756.0,41023.0
92,2021-09-01,90085.0,30206.0,36031.0,18302.0,23166.0,25640.0,38403.0,22701.0,27634.0,34107.0
93,2021-09-02,90085.0,30206.0,36031.0,18302.0,23391.0,25820.0,38403.0,22342.0,27634.0,34120.0
94,2021-09-03,65202.0,27423.0,39807.0,21409.0,22608.0,41913.0,42360.0,21558.0,26351.0,35068.0
95,2021-09-04,65466.0,26829.0,39807.0,21409.0,22333.0,41913.0,42360.0,21558.0,26351.0,34991.0
96,2021-09-05,72093.0,25669.0,53161.0,21338.0,22107.0,39993.0,37018.0,27257.0,25645.0,38658.0
97,2021-09-06,75489.0,24479.0,47679.0,21468.0,20014.0,36109.0,36975.0,38381.0,22413.0,37545.0
98,2021-09-07,75489.0,24479.0,47679.0,21468.0,20006.0,36074.0,36975.0,38535.0,22413.0,37556.0
99,2021-09-08,73231.0,35157.0,65043.0,51201.0,19198.0,45391.0,44875.0,39071.0,23250.0,46186.0
100,2021-09-09,73231.0,35157.0,65043.0,51201.0,19149.0,45391.0,44875.0,39664.0,23250.0,46245.0
101,2021-09-10,66489.0,37529.0,49443.0,47659.0,17316.0,36588.0,39808.0,40506.0,21474.0,40067.0
102,2021-09-11,67116.0,37529.0,49443.0,47659.0,17593.0,36588.0,39808.0,40506.0,21474.0,40142.0
103,2021-09-12,46033.0,35054.0,37065.0,50973.0,14894.0,34696.0,39916.0,42207.0,17446.0,34535.0
104,2021-09-13,38664.0,33942.0,34791.0,47190.0,14011.0,33056.0,34145.0,27863.0,14911.0,30538.0
105,2021-09-14,38664.0,33942.0,34791.0,47190.0,14307.0,33056.0,34145.0,27880.0,14911.0,30569.0
106,2021-09-15,28733.0,26077.0,17138.0,18905.0,11646.0,22462.0,23035.0,31295.0,10651.0,20667.0
107,2021-09-16,28733.0,24499.0,17138.0,20162.0,11680.0,22462.0,23035.0,31295.0,10651.0,20535.0
108,2021-09-17,25703.0,22446.0,23429.0,20003.0,8944.0,22635.0,20869.0,27036.0,9416.0,20694.0
109,2021-09-18,25703.0,22446.0,23429.0,20003.0,8699.0,22635.0,20869.0,27036.0,9416.0,20670.0
110,2021-09-19,21491.0,21497.0,23939.0,19754.0,9993.0,21042.0,17546.0,29617.0,9208.0,20281.0
111,2021-09-20,20061.0,18299.0,22112.0,23367.0,9029.0,16149.0,16418.0,21733.0,17602.0,18579.0
112,2021-09-21,20061.0,18299.0,22112.0,23367.0,8807.0,16149.0,16418.0,21909.0,17602.0,18576.0
113,2021-09-22,22247.0,18892.0,27604.0,23309.0,9937.0,14404.0,16742.0,20497.0,14712.0,19718.0
114,2021-09-23,22247.0,17986.0,27604.0,22395.0,9713.0,14404.0,16742.0,20497.0,14712.0,19553.0
115,2021-09-24,27925.0,17009.0,24915.0,21145.0,10432.0,19216.0,25429.0,25460.0,15471.0,21129.0
116,2021-09-25,27925.0,17006.0,24915.0,21145.0,10441.0,19216.0,25429.0,25460.0,15471.0,21129.0
117,2021-09-26,31202.0,16062.0,44593.0,15559.0,13388.0,22962.0,25934.0,20805.0,19079.0,26759.0
118,2021-09-27,29765.0,15933.0,42067.0,13070.0,12710.0,21133.0,23513.0,20372.0,8954.0,24398.0
119,2021-09-28,29765.0,15933.0,42067.0,13076.0,12710.0,21133.0,23513.0,20372.0,8954.0,24398.0
120,2021-09-29,25463.0,11695.0,36886.0,9959.0,11268.0,19750.0,23271.0,16151.0,8470.0,21273.0
121,2021-09-30,25463.0,11695.0,36886.0,9959.0,11257.0,19750.0,23271.0,16151.0,8470.0,21272.0
122,2021-10-01,19706.0,9465.0,30644.0,8174.0,7696.0,13771.0,10421.0,9176.0,7447.0,15869.0
123,2021-10-02,19706.0,9479.0,30644.0,8174.0,7650.0,13762.0,10421.0,9176.0,7447.0,15865.0
124,2021-10-03,17069.0,13723.0,9740.0,6331.0,3329.0,9403.0,7635.0,6729.0,5112.0,9005.0
125,2021-10-04,21059.0,13273.0,8738.0,4252.0,3325.0,9926.0,7738.0,6575.0,5039.0,8958.0
126,2021-10-05,21059.0,13273.0,8738.0,4287.0,3325.0,9926.0,7738.0,6575.0,5039.0,8959.0
127,2021-10-06,20350.0,14720.0,9114.0,7571.0,3250.0,16919.0,9458.0,7727.0,5259.0,10448.0
128,2021-10-07,20350.0,14720.0,9114.0,7571.0,3252.0,16919.0,9458.0,7727.0,5259.0,10448.0
129,2021-10-08,19188.0,13038.0,10480.0,7603.0,3594.0,15712.0,13095.0,9856.0,5961.0,11007.0
130,2021-10-09,19188.0,13038.0,10480.0,7603.0,3545.0,15715.0,13095.0,9856.0,5961.0,11003.0
131,2021-10-10,14095.0,7689.0,13508.0,8036.0,3864.0,15910.0,13351.0,9012.0,7991.0,10956.0
132,2021-10-11,12225.0,7810.0,13088.0,9270.0,3394.0,16377.0,13838.0,9179.0,8793.0,10919.0
133,2021-10-12,12225.0,7810.0,13088.0,9270.0,3394.0,16377.0,13838.0,9179.0,8793.0,10919.0
134,2021-10-13,10683.0,6456.0,10657.0,6364.0,3716.0,9999.0,13456.0,7990.0,8183.0,8935.0
135,2021-10-14,10683.0,6456.0,10657.0,6364.0,3728.0,9999.0,13456.0,7990.0,8183.0,8936.0
136,2021-10-15,10516.0,5415.0,12015.0,7608.0,3766.0,10586.0,8887.0,5440.0,6945.0,8492.0
137,2021-10-16,10516.0,5415.0,12023.0,7608.0,3861.0,10586.0,8887.0,5440.0,6945.0,8504.0
138,2021-10-17,9958.0,5178.0,9205.0,7306.0,3415.0,9488.0,9383.0,4892.0,5314.0,7350.0
139,2021-10-18,9542.0,5909.0,10061.0,6819.0,4012.0,9522.0,10372.0,5032.0,3928.0,7637.0
140,2021-10-19,9542.0,5909.0,10061.0,6819.0,4012.0,9522.0,10262.0,5032.0,3928.0,7628.0
141,2021-10-20,6527.0,4642.0,9228.0,7579.0,3407.0,7531.0,8269.0,4805.0,3030.0,6490.0
142,2021-10-21,6527.0,4642.0,9228.0,7579.0,3845.0,7531.0,8269.0,4805.0,3030.0,6534.0
143,2021-10-22,6895.0,4919.0,5686.0,4897.0,3637.0,7007.0,10118.0,5595.0,2717.0,5705.0
144,2021-10-23,6895.0,4919.0,5671.0,4897.0,3637.0,7114.0,10118.0,5595.0,2717.0,5714.0
145,2021-10-24,8753.0,6801.0,7489.0,9971.0,4198.0,11537.0,13248.0,7751.0,2864.0,7859.0
146,2021-10-25,12988.0,13881.0,17418.0,9766.0,6036.0,15131.0,16505.0,9740.0,3284.0,12727.0
147,2021-10-26,12988.0,13881.0,17418.0,9766.0,6026.0,15131.0,16631.0,9740.0,3284.0,12737.0
148,2021-10-27,14600.0,14015.0,17929.0,11549.0,6050.0,41116.0,18133.0,10387.0,4321.0,16630.0
149,2021-10-28,14532.0,14015.0,17929.0,11549.0,5684.0,41116.0,18133.0,10387.0,4321.0,16589.0
150,2021-10-29,14525.0,13781.0,17830.0,12621.0,5237.0,64933.0,16781.0,11657.0,4313.0,19544.0
151,2021-10-30,14525.0,13781.0,17830.0,12621.0,5101.0,65140.0,16781.0,11657.0,4313.0,19557.0
152,2021-10-31,17212.0,13014.0,17481.0,8629.0,4843.0,38178.0,19905.0,9584.0,3975.0,16020.0
153,2021-11-01,12175.0,6627.0,11248.0,7610.0,2390.0,26425.0,20157.0,8060.0,3695.0,11363.0
154,2021-11-02,12175.0,6627.0,11248.0,7610.0,2325.0,26459.0,20157.0,8060.0,3695.0,11361.0
155,2021-11-03,11654.0,7321.0,9713.0,4864.0,2088.0,9792.0,22882.0,7535.0,3108.0,8906.0
156,2021-11-04,11744.0,7321.0,9713.0,4864.0,2067.0,9792.0,22882.0,7535.0,3108.0,8910.0
157,2021-11-05,17721.0,8456.0,9237.0,6902.0,1987.0,10185.0,24091.0,8527.0,5006.0,9869.0
158,2021-11-06,17721.0,8456.0,9237.0,6902.0,2098.0,10173.0,24091.0,8527.0,5006.0,9878.0
159,2021-11-07,19458.0,10607.0,16441.0,15365.0,2962.0,13180.0,24647.0,12868.0,5858.0,13524.0
160,2021-11-08,25737.0,15916.0,27564.0,25593.0,4857.0,22954.0,28185.0,23405.0,10649.0,21197.0
161,2021-11-09,25737.0,15916.0,27564.0,25593.0,4864.0,22916.0,28185.0,23405.0,10649.0,21193.0
162,2021-11-10,28645.0,17900.0,35670.0,28382.0,8510.0,34534.0,29201.0,25273.0,11559.0,26026.0
163,2021-11-11,28645.0,17900.0,35670.0,28382.0,8542.0,34534.0,29201.0,25273.0,11559.0,26029.0
164,2021-11-12,25807.0,19561.0,38605.0,27691.0,10272.0,33153.0,29249.0,25346.0,10449.0,26643.0
165,2021-11-13,25807.0,19561.0,38605.0,27691.0,10206.0,33153.0,29249.0,25346.0,10449.0,26636.0
166,2021-11-14,24570.0,18141.0,32280.0,21736.0,11881.0,30673.0,22888.0,22330.0,12792.0,23712.0
167,2021-11-15,18011.0,13544.0,24189.0,12904.0,10311.0,23039.0,15382.0,12907.0,8411.0,17060.0
168,2021-11-16,18011.0,13544.0,24189.0,12904.0,10266.0,23039.0,15382.0,12907.0,8411.0,17056.0
169,2021-11-17,14635.0,10480.0,16810.0,12261.0,8119.0,12806.0,11911.0,12836.0,9182.0,12804.0
170,2021-11-18,14635.0,10480.0,16810.0,12261.0,8100.0,12805.0,11911.0,12836.0,9182.0,12802.0
171,2021-11-19,14159.0,13526.0,13105.0,10243.0,6260.0,14856.0,11101.0,12387.0,9742.0,12096.0
172,2021-11-20,14159.0,13526.0,13105.0,10243.0,6249.0,14856.0,11101.0,12387.0,9742.0,12095.0
173,2021-11-21,9072.0,14346.0,16179.0,7108.0,2419.0,13959.0,9011.0,9761.0,6723.0,11235.0
174,2021-11-22,11468.0,14833.0,14848.0,5435.0,2662.0,15974.0,10976.0,8708.0,8213.0,11523.0
175,2021-11-23,11468.0,14833.0,14848.0,5623.0,2673.0,15974.0,10976.0,8708.0,8213.0,11532.0
176,2021-11-24,13498.0,15745.0,12566.0,10126.0,2952.0,13586.0,11770.0,6927.0,7158.0,10897.0
177,2021-11-25,13498.0,15745.0,12566.0,10126.0,2927.0,13601.0,11770.0,6927.0,7158.0,10897.0
178,2021-11-26,13608.0,12416.0,13158.0,10027.0,2665.0,11021.0,11183.0,6577.0,5985.0,10119.0
179,2021-11-27,13608.0,12416.0,13158.0,10027.0,2659.0,11021.0,11183.0,6577.0,5985.0,10118.0
180,2021-11-28,13501.0,14528.0,10190.0,7656.0,2656.0,9961.0,10306.0,9483.0,7827.0,9773.0
181,2021-11-29,11135.0,14172.0,10065.0,10471.0,2410.0,9207.0,10148.0,9129.0,5897.0,9300.0
182,2021-11-30,11135.0,14172.0,10065.0,10219.0,2393.0,9179.0,10148.0,9129.0,5897.0,9283.0
183,2021-12-01,11897.0,11737.0,13631.0,6340.0,2426.0,9964.0,7727.0,9256.0,5323.0,9650.0
184,2021-12-02,11897.0,11737.0,13631.0,6340.0,2445.0,9964.0,7727.0,9256.0,5323.0,9652.0
185,2021-12-03,14776.0,13920.0,16141.0,14114.0,3699.0,11603.0,8528.0,10419.0,6130.0,11701.0
186,2021-12-04,14776.0,13920.0,16141.0,14114.0,3748.0,11603.0,8528.0,10413.0,6130.0,11705.0
187,2021-12-05,15019.0,11221.0,16713.0,15741.0,4354.0,12110.0,11473.0,8118.0,2700.0,11439.0
188,2021-12-06,14387.0,12124.0,17110.0,13128.0,4469.0,12178.0,11161.0,8295.0,2945.0,11527.0
189,2021-12-07,14387.0,12124.0,17110.0,13128.0,4465.0,12263.0,11161.0,8295.0,2945.0,11538.0
190,2021-12-08,16539.0,21075.0,24917.0,12628.0,4174.0,24141.0,16958.0,9112.0,3817.0,16851.0
191,2021-12-09,18770.0,21150.0,24917.0,12628.0,4169.0,24141.0,16958.0,9112.0,3817.0,17025.0
192,2021-12-10,22462.0,20991.0,27425.0,14818.0,4000.0,28831.0,20875.0,9447.0,4519.0,18995.0
193,2021-12-11,22462.0,20991.0,27425.0,14818.0,3999.0,28831.0,20875.0,9446.0,4519.0,18995.0
194,2021-12-12,26929.0,26570.0,43506.0,17432.0,4701.0,37070.0,25434.0,12687.0,6276.0,26217.0
195,2021-12-13,38178.0,34189.0,49764.0,19881.0,4970.0,39585.0,33354.0,17167.0,9052.0,31406.0
196,2021-12-14,38178.0,34189.0,49764.0,19881.0,5070.0,39520.0,33354.0,17013.0,9052.0,31391.0
197,2021-12-15,42619.0,26051.0,49552.0,25554.0,8827.0,30761.0,29252.0,26530.0,8431.0,30899.0
198,2021-12-16,41778.0,26025.0,49552.0,25554.0,8845.0,30182.0,29252.0,26530.0,8431.0,30763.0
199,2021-12-17,39084.0,23372.0,60612.0,18135.0,8859.0,24332.0,24543.0,25657.0,8649.0,31543.0
200,2021-12-18,39084.0,23372.0,60612.0,18135.0,8803.0,24332.0,24543.0,25657.0,8649.0,31537.0
201,2021-12-19,37385.0,23639.0,56366.0,16903.0,8229.0,19882.0,18760.0,30155.0,11080.0,29920.0
202,2021-12-20,26467.0,22249.0,57285.0,16546.0,8880.0,19079.0,11576.0,28218.0,9720.0,28185.0
211,2021-12-29,83751.0,35088.0,58747.0,52291.0,32883.0,24979.0,41382.0,48990.0,15333.0,45213.0
212,2021-12-30,83751.0,35088.0,58747.0,52291.0,32883.0,24979.0,41382.0,48990.0,15333.0,45213.0
213,2021-12-31,83751.0,47272.0,58604.0,52291.0,32883.0,24979.0,42317.0,49557.0,15333.0,46678.0
214,2022-01-01,83751.0,47272.0,58604.0,52291.0,32883.0,24979.0,42317.0,49557.0,15333.0,46678.0
215,2022-01-02,85743.0,47272.0,51908.0,52291.0,34304.0,24979.0,40101.0,51545.0,15333.0,45065.0
216,2022-01-03,85743.0,47272.0,51076.0,52291.0,34118.0,24979.0,40722.0,50939.0,15333.0,44809.0
217,2022-01-04,85743.0,44014.0,51076.0,52291.0,34213.0,25054.0,40722.0,51213.0,15333.0,44522.0
218,2022-01-05,78601.0,30676.0,46109.0,37790.0,32001.0,34004.0,18917.0,73642.0,29047.0,42259.0
219,2022-01-06,78601.0,30676.0,46109.0,37790.0,31762.0,34004.0,18917.0,73642.0,29047.0,42237.0
220,2022-01-07,75334.0,23142.0,45911.0,41037.0,21628.0,37802.0,28301.0,62815.0,23979.0,40271.0
221,2022-01-08,75303.0,23142.0,45911.0,41037.0,21473.0,37802.0,28301.0,62630.0,23979.0,40233.0
222,2022-01-09,53227.0,26099.0,34725.0,37744.0,17725.0,34441.0,21424.0,59153.0,21111.0,33826.0
223,2022-01-10,43752.0,21653.0,36404.0,31927.0,15285.0,30841.0,23571.0,53567.0,19478.0,31518.0
224,2022-01-11,43752.0,21371.0,36404.0,31927.0,14971.0,31021.0,23595.0,52996.0,19478.0,31415.0
225,2022-01-12,31159.0,20019.0,32849.0,26698.0,8090.0,26130.0,23409.0,15898.0,12132.0,22814.0
226,2022-01-13,31159.0,20019.0,32849.0,26698.0,8034.0,26130.0,23409.0,15898.0,12132.0,22808.0
227,2022-01-14,18850.0,16577.0,28415.0,17522.0,5929.0,20174.0,19442.0,13808.0,8552.0,18151.0
228,2022-01-15,18835.0,16577.0,28415.0,17522.0,5931.0,19796.0,19442.0,13701.0,8552.0,18093.0
229,2022-01-16,21257.0,14719.0,26969.0,12883.0,5343.0,20146.0,18294.0,15047.0,9759.0,17636.0
230,2022-01-17,24466.0,15740.0,23375.0,11461.0,5035.0,20636.0,17023.0,16690.0,8402.0,16997.0
231,2022-01-18,24466.0,15740.0,23375.0,11461.0,4999.0,20636.0,16977.0,16677.0,8402.0,16987.0
232,2022-01-19,21511.0,14251.0,17166.0,11418.0,4613.0,20698.0,14664.0,20039.0,9060.0,15251.0
233,2022-01-20,21511.0,14251.0,17166.0,11418.0,4611.0,20698.0,14664.0,20039.0,9060.0,15251.0
234,2022-01-21,26399.0,14580.0,14143.0,13372.0,5093.0,23297.0,12936.0,22865.0,10260.0,15621.0
235,2022-01-22,26365.0,14580.0,14143.0,13372.0,5077.0,23317.0,12936.0,22865.0,10260.0,15619.0
236,2022-01-23,22740.0,14364.0,13209.0,16458.0,4771.0,25615.0,14379.0,20593.0,9494.0,15278.0
237,2022-01-24,18197.0,15118.0,9172.0,17503.0,4693.0,26285.0,10989.0,19473.0,9242.0,13737.0
238,2022-01-25,18197.0,15118.0,9172.0,17503.0,4699.0,26285.0,10989.0,19473.0,9242.0,13738.0
239,2022-01-26,16922.0,15267.0,13067.0,20343.0,6324.0,29484.0,16618.0,17576.0,8439.0,15492.0
240,2022-01-27,16922.0,15267.0,13067.0,20343.0,6319.0,29484.0,16618.0,17576.0,8439.0,15491.0
241,2022-01-28,11372.0,15078.0,23917.0,20106.0,6161.0,28620.0,18749.0,21535.0,6324.0,18008.0
242,2022-01-29,11551.0,15078.0,23917.0,20106.0,6236.0,28620.0,18749.0,21422.0,6324.0,18017.0
243,2022-01-30,14959.0,15666.0,26162.0,15591.0,6695.0,25115.0,19332.0,26448.0,4941.0,18766.0
244,2022-01-31,15879.0,14182.0,28840.0,15103.0,7526.0,22928.0,21259.0,25138.0,4927.0,19143.0
245,2022-02-01,15879.0,14182.0,28840.0,15103.0,7524.0,22928.0,21259.0,25138.0,4927.0,19143.0
246,2022-02-02,16944.0,12877.0,24345.0,8833.0,6241.0,17251.0,17118.0,22954.0,4084.0,16197.0
247,2022-02-03,16944.0,12877.0,24345.0,8833.0,6221.0,17251.0,17118.0,22954.0,4084.0,16195.0
248,2022-02-04,16306.0,14287.0,19828.0,9423.0,6134.0,13621.0,15469.0,17109.0,3735.0,13983.0
249,2022-02-05,16121.0,14287.0,19828.0,9423.0,6185.0,13621.0,15469.0,17121.0,3735.0,13976.0
250,2022-02-06,12580.0,13523.0,20965.0,8378.0,5534.0,13366.0,13297.0,13285.0,2836.0,13102.0
251,2022-02-07,15316.0,15030.0,19868.0,8589.0,4316.0,12542.0,13595.0,12200.0,2001.0,12813.0
